t,slot,pop,mean_gen,max_gen,families,distinct,effective,leader,leader_text,leader_share,mutant_share,depth,words,world,overlap,sense
0,eat,68,0.0,0,68,5,4.8267223382045925,eat:0,No preference.,0.23529411764705882,0.0,0.0,5.205882352941177,1.0,0.031642116748499725,1.0
0,flee,68,0.0,0,68,5,4.699186991869919,flee:4,Run away from anything that attacks you.,0.2647058823529412,0.0,0.0,6.411764705882353,1.0,0.040439560439560436,1.0
0,follow,68,0.0,0,68,5,4.337711069418386,follow:3,Keep your distance from other animals.,0.3382352941176471,0.0,0.0,5.5588235294117645,1.0,0.046692898632190366,1.0
0,rest,68,0.0,0,68,5,4.708757637474542,rest:3,Rest only when you feel safe.,0.2647058823529412,0.0,0.0,4.794117647058823,1.0,0.02471169686985173,0.5882352941176471
0,mate,68,0.0,0,68,5,4.846960167714885,mate:4,Seek a partner before growing old.,0.25,0.0,0.0,5.382352941176471,1.0,0.03612300506033476,1.0
500,eat,81,1.4938271604938271,3,30,6,4.365269461077845,eat:3,Always finish eating before doing anything else.,0.30864197530864196,0.024691358024691357,0.024691358024691357,5.135802469135802,1.0,0.024344273098721496,1.0
500,flee,81,1.4938271604938271,3,30,6,4.302295081967213,flee:0,No preference.,0.2962962962962963,0.012345679012345678,0.012345679012345678,5.481481481481482,1.0,0.052058512046597824,0.9876543209876543
500,follow,81,1.4938271604938271,3,30,7,3.9216975493126127,follow:1,Stay close to other animals.,0.35802469135802467,0.024691358024691357,0.024691358024691357,5.827160493827161,1.0,0.049502182214948176,1.0
500,rest,81,1.4938271604938271,3,30,6,3.9787750151607035,rest:0,No preference.,0.32098765432098764,0.012345679012345678,0.012345679012345678,3.7777777777777777,1.0,0.015879478827361564,0.7037037037037037
500,mate,81,1.4938271604938271,3,30,5,3.679753224901851,mate:2,Mate with any nearby adult.,0.4074074074074074,0.0,0.0,5.148148148148148,1.0,0.04322190994438797,1.0
1000,eat,39,4.0256410256410255,5,21,5,3.175365344467641,eat:0,No preference.,0.38461538461538464,0.0,0.0,4.923076923076923,1.0,0.006142034548944338,1.0
1000,flee,39,4.0256410256410255,5,21,7,3.299349240780911,flee:0,No preference.,0.38461538461538464,0.07692307692307693,0.10256410256410256,4.641025641025641,1.0,0.07490566037735849,0.972972972972973
1000,follow,39,4.0256410256410255,5,21,5,3.097759674134419,follow:2,Follow others when you are lost or hungry.,0.46153846153846156,0.02564102564102564,0.02564102564102564,6.641025641025641,1.0,0.08809986130374481,1.0
1000,rest,39,4.0256410256410255,5,21,6,3.6128266033254155,rest:0,No preference.,0.4358974358974359,0.10256410256410256,0.10256410256410256,3.230769230769231,1.0,0.08,0.5789473684210527
1000,mate,39,4.0256410256410255,5,21,6,4.167123287671233,mate:2,Mate with any nearby adult.,0.3076923076923077,0.05128205128205128,0.05128205128205128,4.6923076923076925,1.0,0.043334981051244024,1.0
1500,eat,10,0.6,6,20,4,3.333333333333333,eat:2,Only look for food when energy is low.,0.4,0.0,0.0,6.4,1.0,0.09142857142857143,1.0
1500,flee,10,0.6,6,20,4,3.333333333333333,flee:0,No preference.,0.4,0.0,0.0,4.8,1.0,0.045714285714285714,1.0
1500,follow,10,0.6,6,20,5,4.545454545454545,follow:0,No preference.,0.3,0.0,0.0,4.6,1.0,0.02905982905982906,1.0
1500,rest,10,0.6,6,20,5,4.545454545454545,rest:1,Rest when you are tired.,0.3,0.0,0.0,4.7,1.0,0.019230769230769232,0.6
1500,mate,10,0.6,6,20,5,3.8461538461538454,mate:0,No preference.,0.4,0.0,0.0,4.4,1.0,0.018532818532818532,1.0
2000,eat,51,2.0588235294117645,3,7,5,2.8676957001102537,eat:2,Only look for food when energy is low.,0.49019607843137253,0.0196078431372549,0.0196078431372549,6.607843137254902,1.0,0.09350649350649351,1.0
2000,flee,51,2.0588235294117645,3,7,5,3.32183908045977,flee:4,Run away from anything that attacks you.,0.39215686274509803,0.058823529411764705,0.058823529411764705,5.411764705882353,1.0,0.0784011734506784,1.0
2000,follow,51,2.0588235294117645,3,7,7,3.1603888213851765,follow:0,No preference.,0.5098039215686274,0.0784313725490196,0.0784313725490196,3.9019607843137254,1.0,0.02883389576302962,0.9803921568627451
2000,rest,51,2.0588235294117645,3,7,7,4.313432835820896,rest:1,Rest when you are tired.,0.3137254901960784,0.09803921568627451,0.09803921568627451,5.745098039215686,1.0,0.08598598598598599,0.5490196078431373
2000,mate,51,2.0588235294117645,3,7,7,2.6193353474320245,mate:0,No preference.,0.5686274509803921,0.19607843137254902,0.19607843137254902,4.294117647058823,0.9803921568627451,0.03470050540946063,0.98
2500,eat,135,3.4074074074074074,5,7,9,3.019884009942005,eat:2,Only look for food when energy is low.,0.45185185185185184,0.08148148148148149,0.08148148148148149,6.548148148148148,1.0,0.16419469510527754,1.0
2500,flee,135,3.4074074074074074,5,7,9,2.6539973787680213,flee:0,No preference.,0.5259259259259259,0.037037037037037035,0.044444444444444446,4.348148148148148,0.9925925925925926,0.03398737202223731,1.0
2500,follow,135,3.4074074074074074,5,7,9,2.9258307914593034,follow:0,No preference.,0.5481481481481482,0.11851851851851852,0.11851851851851852,3.762962962962963,1.0,0.04607091252639769,0.9477611940298507
2500,rest,135,3.4074074074074074,5,7,10,5.324276950043821,rest:1,Rest when you are tired.,0.3111111111111111,0.13333333333333333,0.13333333333333333,5.266666666666667,1.0,0.09909149986166606,0.5
2500,mate,135,3.4074074074074074,5,7,7,3.092652299338198,mate:0,No preference.,0.5185185185185185,0.15555555555555556,0.15555555555555556,4.4,1.0,0.041955114838669816,0.9402985074626866
3000,eat,76,5.25,7,7,8,3.0240837696335077,eat:1,Eat whenever food is close.,0.5131578947368421,0.11842105263157894,0.11842105263157894,6.065789473684211,1.0,0.1692791860665632,1.0
3000,flee,76,5.25,7,7,6,1.7652811735941323,flee:0,No preference.,0.7368421052631579,0.02631578947368421,0.02631578947368421,3.236842105263158,0.9868421052631579,0.02875399361022364,1.0
3000,follow,76,5.25,7,7,6,1.8163522012578617,follow:0,No preference.,0.7236842105263158,0.06578947368421052,0.06578947368421052,2.776315789473684,1.0,0.17244478685156653,0.9342105263157895
3000,rest,76,5.25,7,7,14,5.231884057971015,rest:3,Rest only when you feel safe.,0.3157894736842105,0.23684210526315788,0.25,5.565789473684211,1.0,0.12645751793868232,0.36619718309859156
3000,mate,76,5.25,7,7,7,1.8950131233595802,mate:0,No preference.,0.7105263157894737,0.10526315789473684,0.10526315789473684,3.3421052631578947,1.0,0.0057301121817250845,0.9459459459459459
3500,eat,67,8.164179104477611,10,7,5,1.7680189050807404,eat:1,Eat whenever food is close.,0.7313432835820896,0.029850746268656716,0.029850746268656716,5.641791044776119,1.0,0.12137973137973138,1.0
3500,flee,67,8.164179104477611,10,7,4,1.411191449229802,flee:0,No preference.,0.835820895522388,0.05970149253731343,0.05970149253731343,2.4477611940298507,1.0,0.34505606523955146,0.9402985074626866
3500,follow,67,8.164179104477611,10,7,5,1.4147494484714784,follow:0,No preference.,0.835820895522388,0.07462686567164178,0.07462686567164178,2.298507462686567,1.0,0.2147922998986829,1.0
3500,rest,67,8.164179104477611,10,7,6,4.320500481231954,rest:3,Rest only when you feel safe.,0.3283582089552239,0.2835820895522388,0.2835820895522388,5.8059701492537314,1.0,0.17782608695652175,0.40298507462686567
3500,mate,67,8.164179104477611,10,7,7,1.5734314756396777,mate:0,No preference.,0.7910447761194029,0.208955223880597,0.208955223880597,2.4776119402985075,0.9253731343283582,0.13080684596577016,0.8769230769230769
4000,eat,55,10.963636363636363,12,7,5,1.302195436934998,eat:1,Eat whenever food is close.,0.8727272727272727,0.05454545454545454,0.05454545454545454,5.181818181818182,1.0,0.23171889838556503,1.0
4000,flee,55,10.963636363636363,12,7,4,1.204699322978893,flee:0,No preference.,0.9090909090909091,0.07272727272727272,0.07272727272727272,2.0727272727272728,1.0,0.6867704280155642,0.9444444444444444
4000,follow,55,10.963636363636363,12,7,5,1.2066214599122458,follow:0,No preference.,0.9090909090909091,0.05454545454545454,0.05454545454545454,2.2363636363636363,0.9818181818181818,0.004633204633204633,0.9629629629629629
4000,rest,55,10.963636363636363,12,7,6,3.814627994955864,rest:3,Rest only when you feel safe.,0.38181818181818183,0.509090909090909,0.5636363636363636,5.963636363636364,1.0,0.31362007168458783,0.2777777777777778
4000,mate,55,10.963636363636363,12,7,5,1.7952522255192878,mate:0,No preference.,0.7272727272727273,0.2727272727272727,0.3090909090909091,2.327272727272727,0.9272727272727272,0.27860696517412936,0.8518518518518519
4500,eat,27,13.11111111111111,15,7,5,2.1008645533141213,eat:1,Eat whenever food is close.,0.6666666666666666,0.2222222222222222,0.2222222222222222,5.592592592592593,1.0,0.22662677636499626,1.0
4500,flee,27,13.11111111111111,15,7,3,1.93368700265252,flee:0,No preference.,0.6666666666666666,0.07407407407407407,0.07407407407407407,3.037037037037037,1.0,0.20454545454545456,0.9259259259259259
4500,follow,27,13.11111111111111,15,7,3,1.2547332185886404,follow:0,No preference.,0.8888888888888888,0.037037037037037035,0.037037037037037035,2.2962962962962963,1.0,0.0,0.9629629629629629
4500,rest,27,13.11111111111111,15,7,5,3.0502092050209204,rest:3,Rest only when you feel safe.,0.4444444444444444,0.4444444444444444,0.7777777777777778,5.888888888888889,1.0,0.35306122448979593,0.07692307692307693
4500,mate,27,13.11111111111111,15,7,4,1.944,mate:0,No preference.,0.6666666666666666,0.3333333333333333,0.37037037037037035,2.2962962962962963,0.9629629629629629,0.4199623352165725,0.72
5000,eat,10,0.0,0,10,5,3.8461538461538454,eat:1,Eat whenever food is close.,0.4,0.0,0.0,5.1,1.0,0.039639639639639644,1.0
5000,flee,10,0.0,0,10,5,4.545454545454545,flee:2,Flee only when a predator is very close.,0.3,0.0,0.0,6.5,1.0,0.03931623931623932,1.0
5000,follow,10,0.0,0,10,5,4.545454545454545,follow:0,No preference.,0.3,0.0,0.0,4.9,1.0,0.02905982905982906,1.0
5000,rest,10,0.0,0,10,5,4.545454545454545,rest:3,Rest only when you feel safe.,0.3,0.0,0.0,5.1,1.0,0.038461538461538464,0.5
5000,mate,10,0.0,0,10,5,4.545454545454545,mate:1,Look for a partner when energy is high.,0.3,0.0,0.0,5.7,1.0,0.03223443223443223,1.0
5500,eat,110,2.1636363636363636,4,9,8,3.846153846153846,eat:3,Always finish eating before doing anything else.,0.39090909090909093,0.045454545454545456,0.045454545454545456,5.909090909090909,1.0,0.040738643011370285,1.0
5500,flee,110,2.1636363636363636,4,9,6,4.140999315537304,flee:2,Flee only when a predator is very close.,0.32727272727272727,0.00909090909090909,0.00909090909090909,6.572727272727272,1.0,0.07096317280453258,1.0
5500,follow,110,2.1636363636363636,4,9,7,3.9672131147540983,follow:0,No preference.,0.35454545454545455,0.06363636363636363,0.06363636363636363,4.972727272727273,1.0,0.023337016574585638,1.0
5500,rest,110,2.1636363636363636,4,9,8,2.986179664363278,rest:3,Rest only when you feel safe.,0.5272727272727272,0.08181818181818182,0.08181818181818182,5.2272727272727275,1.0,0.06734592445328032,0.33636363636363636
5500,mate,110,2.1636363636363636,4,9,7,3.890675241157556,mate:1,Look for a partner when energy is high.,0.38181818181818183,0.045454545454545456,0.045454545454545456,5.754545454545455,1.0,0.04360400444938821,0.9814814814814815
6000,eat,134,3.2686567164179103,6,9,9,4.044144144144145,eat:3,Always finish eating before doing anything else.,0.3582089552238806,0.05223880597014925,0.05223880597014925,5.932835820895522,1.0,0.036373293028368496,1.0
6000,flee,134,3.2686567164179103,6,9,6,4.131615278416936,flee:1,Run from any predator you see.,0.3283582089552239,0.007462686567164179,0.007462686567164179,6.708955223880597,1.0,0.07080228123578601,1.0
6000,follow,134,3.2686567164179103,6,9,10,3.6392379408188082,follow:0,No preference.,0.3582089552238806,0.04477611940298507,0.04477611940298507,5.037313432835821,1.0,0.01774433010802232,0.9924812030075187
6000,rest,134,3.2686567164179103,6,9,9,2.820609487904492,rest:3,Rest only when you feel safe.,0.5522388059701493,0.11940298507462686,0.11940298507462686,5.029850746268656,1.0,0.10435432844406098,0.2857142857142857
6000,mate,134,3.2686567164179103,6,9,10,4.351914687348521,mate:3,Mate only when food is plentiful.,0.34328358208955223,0.08208955223880597,0.08208955223880597,5.358208955223881,1.0,0.06241021932995903,0.9621212121212122
6500,eat,111,5.774774774774775,9,9,7,4.261847111726047,eat:3,Always finish eating before doing anything else.,0.32432432432432434,0.07207207207207207,0.07207207207207207,5.486486486486487,1.0,0.055956168257334744,1.0
6500,flee,111,5.774774774774775,9,9,7,4.0784508440913605,flee:1,Run from any predator you see.,0.35135135135135137,0.02702702702702703,0.02702702702702703,6.135135135135135,1.0,0.0695483870967742,1.0
6500,follow,111,5.774774774774775,9,9,12,3.4992899744390797,follow:0,No preference.,0.46846846846846846,0.16216216216216217,0.17117117117117117,4.261261261261262,1.0,0.04169074675324675,0.9724770642201835
6500,rest,111,5.774774774774775,9,9,12,3.307651006711409,rest:3,Rest only when you feel safe.,0.4864864864864865,0.15315315315315314,0.15315315315315314,5.216216216216216,1.0,0.0834463427064637,0.39622641509433965
6500,mate,111,5.774774774774775,9,9,11,4.4399999999999995,mate:3,Mate only when food is plentiful.,0.3783783783783784,0.2072072072072072,0.2072072072072072,5.009009009009009,1.0,0.11104526453363664,0.8990825688073395
7000,eat,79,8.0,11,9,10,4.552151714077316,eat:0,No preference.,0.35443037974683544,0.13924050632911392,0.17721518987341772,4.8354430379746836,0.9873417721518988,0.06071184120465435,0.96
7000,flee,79,8.0,11,9,10,4.124917382683411,flee:2,Flee only when a predator is very close.,0.4050632911392405,0.0759493670886076,0.0759493670886076,6.2784810126582276,1.0,0.08314197083232618,0.987012987012987
7000,follow,79,8.0,11,9,9,4.605904059040591,follow:0,No preference.,0.3291139240506329,0.26582278481012656,0.2911392405063291,4.784810126582278,1.0,0.059918523283238795,1.0
7000,rest,79,8.0,11,9,6,3.835894283958205,rest:3,Rest only when you feel safe.,0.3670886075949367,0.189873417721519,0.189873417721519,4.569620253164557,1.0,0.05837306747579829,0.4810126582278481
7000,mate,79,8.0,11,9,9,4.283459162663005,mate:3,Mate only when food is plentiful.,0.379746835443038,0.21518987341772153,0.21518987341772153,5.253164556962025,1.0,0.12245132584806497,0.9615384615384616
